[
  {
    "_VaccinationAppointment__alg": "SHA-256",
    "_VaccinationAppointment__type": "DS",
    "_VaccinationAppointment__patient_sys_id": "72b72255619afeed8bd26861a2bc2caf",
    "_VaccinationAppointment__patient_id": "78924cb0-075a-4099-a3ee-f3b562e805b9",
    "_VaccinationAppointment__phone_number": "+34123456789",
    "_VaccinationAppointment__issued_at": 1646697600.0,
    "_VaccinationAppointment__appointment_date": 1647561600.0,
    "_VaccinationAppointment__date_signature": "5a06c7bede3d584e934e2f5bd3861e625cb31937f9f1a5362a51fbbf38486f1c"
  }
]